username,password
test_user1-new,123456789
test_user2-new,123456789
test_user3-new,123456789
test_user4-new,123456789
test_user5-new,123456789
test_user6-new,123456789
test_user7-new,123456789
test_user8-new,123456789
test_user9-new,123456789
test_user10-new,123456789
test_user11-new,123456789
test_user12-new,123456789
test_user13-new,123456789
test_user14-new,123456789
test_user15-new,123456789
test_user16-new,123456789
test_user17-new,123456789
test_user18-new,123456789
test_user19-new,123456789
test_user20-new,123456789
test_user21-new,123456789
test_user22-new,123456789
test_user23-new,123456789
test_user24-new,123456789
test_user25-new,123456789
test_user26-new,123456789
test_user27-new,123456789
test_user28-new,123456789
test_user29-new,123456789
test_user30-new,123456789
test_user31-new,123456789
test_user32-new,123456789
test_user33-new,123456789
test_user34-new,123456789
test_user35-new,123456789
test_user36-new,123456789
test_user37-new,123456789
test_user38-new,123456789
test_user39-new,123456789
test_user40-new,123456789
test_user41-new,123456789
test_user42-new,123456789
test_user43-new,123456789
test_user44-new,123456789
test_user45-new,123456789
test_user46-new,123456789
test_user47-new,123456789
test_user48-new,123456789
test_user49-new,123456789
test_user50-new,123456789
test_user51-new,123456789
test_user52-new,123456789
test_user53-new,123456789
test_user54-new,123456789
test_user55-new,123456789
test_user56-new,123456789
test_user57-new,123456789
test_user58-new,123456789
test_user59-new,123456789
test_user60-new,123456789
test_user61-new,123456789
test_user62-new,123456789
test_user63-new,123456789
test_user64-new,123456789
test_user65-new,123456789
test_user66-new,123456789
test_user67-new,123456789
test_user68-new,123456789
test_user69-new,123456789
test_user70-new,123456789
test_user71-new,123456789
test_user72-new,123456789
test_user73-new,123456789
test_user74-new,123456789
test_user75-new,123456789
test_user76-new,123456789
test_user77-new,123456789
test_user78-new,123456789
test_user79-new,123456789
test_user80-new,123456789
test_user81-new,123456789
test_user82-new,123456789
test_user83-new,123456789
test_user84-new,123456789
test_user85-new,123456789
test_user86-new,123456789
test_user87-new,123456789
test_user88-new,123456789
test_user89-new,123456789
test_user90-new,123456789
test_user91-new,123456789
test_user92-new,123456789
test_user93-new,123456789
test_user94-new,123456789
test_user95-new,123456789
test_user96-new,123456789
test_user97-new,123456789
test_user98-new,123456789
test_user99-new,123456789
test_user100-new,123456789
test_user101-new,123456789
test_user102-new,123456789
test_user103-new,123456789
test_user104-new,123456789
test_user105-new,123456789
test_user106-new,123456789
test_user107-new,123456789
test_user108-new,123456789
test_user109-new,123456789
test_user110-new,123456789
test_user111-new,123456789
test_user112-new,123456789
test_user113-new,123456789
test_user114-new,123456789
test_user115-new,123456789
test_user116-new,123456789
test_user117-new,123456789
test_user118-new,123456789
test_user119-new,123456789
test_user120-new,123456789
test_user121-new,123456789
test_user122-new,123456789
test_user123-new,123456789
test_user124-new,123456789
test_user125-new,123456789
test_user126-new,123456789
test_user127-new,123456789
test_user128-new,123456789
test_user129-new,123456789
test_user130-new,123456789
test_user131-new,123456789
test_user132-new,123456789
test_user133-new,123456789
test_user134-new,123456789
test_user135-new,123456789
test_user136-new,123456789
test_user137-new,123456789
test_user138-new,123456789
test_user139-new,123456789
test_user140-new,123456789
test_user141-new,123456789
test_user142-new,123456789
test_user143-new,123456789
test_user144-new,123456789
test_user145-new,123456789
test_user146-new,123456789
test_user147-new,123456789
test_user148-new,123456789
test_user149-new,123456789
test_user150-new,123456789
test_user151-new,123456789
test_user152-new,123456789
test_user153-new,123456789
test_user154-new,123456789
test_user155-new,123456789
test_user156-new,123456789
test_user157-new,123456789
test_user158-new,123456789
test_user159-new,123456789
test_user160-new,123456789
test_user161-new,123456789
test_user162-new,123456789
test_user163-new,123456789
test_user164-new,123456789
test_user165-new,123456789
test_user166-new,123456789
test_user167-new,123456789
test_user168-new,123456789
test_user169-new,123456789
test_user170-new,123456789
test_user171-new,123456789
test_user172-new,123456789
test_user173-new,123456789
test_user174-new,123456789
test_user175-new,123456789
test_user176-new,123456789
test_user177-new,123456789
test_user178-new,123456789
test_user179-new,123456789
test_user180-new,123456789
test_user181-new,123456789
test_user182-new,123456789
test_user183-new,123456789
test_user184-new,123456789
test_user185-new,123456789
test_user186-new,123456789
test_user187-new,123456789
test_user188-new,123456789
test_user189-new,123456789
test_user190-new,123456789
test_user191-new,123456789
test_user192-new,123456789
test_user193-new,123456789
test_user194-new,123456789
test_user195-new,123456789
test_user196-new,123456789
test_user197-new,123456789
test_user198-new,123456789
test_user199-new,123456789
test_user200-new,123456789
test_user201-new,123456789
test_user202-new,123456789
test_user203-new,123456789
test_user204-new,123456789
test_user205-new,123456789
test_user206-new,123456789
test_user207-new,123456789
test_user208-new,123456789
test_user209-new,123456789
test_user210-new,123456789
test_user211-new,123456789
test_user212-new,123456789
test_user213-new,123456789
test_user214-new,123456789
test_user215-new,123456789
test_user216-new,123456789
test_user217-new,123456789
test_user218-new,123456789
test_user219-new,123456789
test_user220-new,123456789
test_user221-new,123456789
test_user222-new,123456789
test_user223-new,123456789
test_user224-new,123456789
test_user225-new,123456789
test_user226-new,123456789
test_user227-new,123456789
test_user228-new,123456789
test_user229-new,123456789
test_user230-new,123456789
test_user231-new,123456789
test_user232-new,123456789
test_user233-new,123456789
test_user234-new,123456789
test_user235-new,123456789
test_user236-new,123456789
test_user237-new,123456789
test_user238-new,123456789
test_user239-new,123456789
test_user240-new,123456789
test_user241-new,123456789
test_user242-new,123456789
test_user243-new,123456789
test_user244-new,123456789
test_user245-new,123456789
test_user246-new,123456789
test_user247-new,123456789
test_user248-new,123456789
test_user249-new,123456789
test_user250-new,123456789
test_user251-new,123456789
test_user252-new,123456789
test_user253-new,123456789
test_user254-new,123456789
test_user255-new,123456789
test_user256-new,123456789
test_user257-new,123456789
test_user258-new,123456789
test_user259-new,123456789
test_user260-new,123456789
test_user261-new,123456789
test_user262-new,123456789
test_user263-new,123456789
test_user264-new,123456789
test_user265-new,123456789
test_user266-new,123456789
test_user267-new,123456789
test_user268-new,123456789
test_user269-new,123456789
test_user270-new,123456789
test_user271-new,123456789
test_user272-new,123456789
test_user273-new,123456789
test_user274-new,123456789
test_user275-new,123456789
test_user276-new,123456789
test_user277-new,123456789
test_user278-new,123456789
test_user279-new,123456789
test_user280-new,123456789
test_user281-new,123456789
test_user282-new,123456789
test_user283-new,123456789
test_user284-new,123456789
test_user285-new,123456789
test_user286-new,123456789
test_user287-new,123456789
test_user288-new,123456789
test_user289-new,123456789
test_user290-new,123456789
test_user291-new,123456789
test_user292-new,123456789
test_user293-new,123456789
test_user294-new,123456789
test_user295-new,123456789
test_user296-new,123456789
test_user297-new,123456789
test_user298-new,123456789
test_user299-new,123456789
test_user300-new,123456789
test_user301-new,123456789
test_user302-new,123456789
test_user303-new,123456789
test_user304-new,123456789
test_user305-new,123456789
test_user306-new,123456789
test_user307-new,123456789
test_user308-new,123456789
test_user309-new,123456789
test_user310-new,123456789
test_user311-new,123456789
test_user312-new,123456789
test_user313-new,123456789
test_user314-new,123456789
test_user315-new,123456789
test_user316-new,123456789
test_user317-new,123456789
test_user318-new,123456789
test_user319-new,123456789
test_user320-new,123456789
test_user321-new,123456789
test_user322-new,123456789
test_user323-new,123456789
test_user324-new,123456789
test_user325-new,123456789
test_user326-new,123456789
test_user327-new,123456789
test_user328-new,123456789
test_user329-new,123456789
test_user330-new,123456789
test_user331-new,123456789
test_user332-new,123456789
test_user333-new,123456789
test_user334-new,123456789
test_user335-new,123456789
test_user336-new,123456789
test_user337-new,123456789
test_user338-new,123456789
test_user339-new,123456789
test_user340-new,123456789
test_user341-new,123456789
test_user342-new,123456789
test_user343-new,123456789
test_user344-new,123456789
test_user345-new,123456789
test_user346-new,123456789
test_user347-new,123456789
test_user348-new,123456789
test_user349-new,123456789
test_user350-new,123456789
test_user351-new,123456789
test_user352-new,123456789
test_user353-new,123456789
test_user354-new,123456789
test_user355-new,123456789
test_user356-new,123456789
test_user357-new,123456789
test_user358-new,123456789
test_user359-new,123456789
test_user360-new,123456789
test_user361-new,123456789
test_user362-new,123456789
test_user363-new,123456789
test_user364-new,123456789
test_user365-new,123456789
test_user366-new,123456789
test_user367-new,123456789
test_user368-new,123456789
test_user369-new,123456789
test_user370-new,123456789
test_user371-new,123456789
test_user372-new,123456789
test_user373-new,123456789
test_user374-new,123456789
test_user375-new,123456789
test_user376-new,123456789
test_user377-new,123456789
test_user378-new,123456789
test_user379-new,123456789
test_user380-new,123456789
test_user381-new,123456789
test_user382-new,123456789
test_user383-new,123456789
test_user384-new,123456789
test_user385-new,123456789
test_user386-new,123456789
test_user387-new,123456789
test_user388-new,123456789
test_user389-new,123456789
test_user390-new,123456789
test_user391-new,123456789
test_user392-new,123456789
test_user393-new,123456789
test_user394-new,123456789
test_user395-new,123456789
test_user396-new,123456789
test_user397-new,123456789
test_user398-new,123456789
test_user399-new,123456789
test_user400-new,123456789
test_user401-new,123456789
test_user402-new,123456789
test_user403-new,123456789
test_user404-new,123456789
test_user405-new,123456789
test_user406-new,123456789
test_user407-new,123456789
test_user408-new,123456789
test_user409-new,123456789
test_user410-new,123456789
test_user411-new,123456789
test_user412-new,123456789
test_user413-new,123456789
test_user414-new,123456789
test_user415-new,123456789
test_user416-new,123456789
test_user417-new,123456789
test_user418-new,123456789
test_user419-new,123456789
test_user420-new,123456789
test_user421-new,123456789
test_user422-new,123456789
test_user423-new,123456789
test_user424-new,123456789
test_user425-new,123456789
test_user426-new,123456789
test_user427-new,123456789
test_user428-new,123456789
test_user429-new,123456789
test_user430-new,123456789
test_user431-new,123456789
test_user432-new,123456789
test_user433-new,123456789
test_user434-new,123456789
test_user435-new,123456789
test_user436-new,123456789
test_user437-new,123456789
test_user438-new,123456789
test_user439-new,123456789
test_user440-new,123456789
test_user441-new,123456789
test_user442-new,123456789
test_user443-new,123456789
test_user444-new,123456789
test_user445-new,123456789
test_user446-new,123456789
test_user447-new,123456789
test_user448-new,123456789
test_user449-new,123456789
test_user450-new,123456789
test_user451-new,123456789
test_user452-new,123456789
test_user453-new,123456789
test_user454-new,123456789
test_user455-new,123456789
test_user456-new,123456789
test_user457-new,123456789
test_user458-new,123456789
test_user459-new,123456789
test_user460-new,123456789
test_user461-new,123456789
test_user462-new,123456789
test_user463-new,123456789
test_user464-new,123456789
test_user465-new,123456789
test_user466-new,123456789
test_user467-new,123456789
test_user468-new,123456789
test_user469-new,123456789
test_user470-new,123456789
test_user471-new,123456789
test_user472-new,123456789
test_user473-new,123456789
test_user474-new,123456789
test_user475-new,123456789
test_user476-new,123456789
test_user477-new,123456789
test_user478-new,123456789
test_user479-new,123456789
test_user480-new,123456789
test_user481-new,123456789
test_user482-new,123456789
test_user483-new,123456789
test_user484-new,123456789
test_user485-new,123456789
test_user486-new,123456789
test_user487-new,123456789
test_user488-new,123456789
test_user489-new,123456789
test_user490-new,123456789
test_user491-new,123456789
test_user492-new,123456789
test_user493-new,123456789
test_user494-new,123456789
test_user495-new,123456789
test_user496-new,123456789
test_user497-new,123456789
test_user498-new,123456789
test_user499-new,123456789
test_user500-new,123456789
test_user501-new,123456789
test_user502-new,123456789
test_user503-new,123456789
test_user504-new,123456789
test_user505-new,123456789
test_user506-new,123456789
test_user507-new,123456789
test_user508-new,123456789
test_user509-new,123456789
test_user510-new,123456789
test_user511-new,123456789
test_user512-new,123456789
test_user513-new,123456789
test_user514-new,123456789
test_user515-new,123456789
test_user516-new,123456789
test_user517-new,123456789
test_user518-new,123456789
test_user519-new,123456789
test_user520-new,123456789
test_user521-new,123456789
test_user522-new,123456789
test_user523-new,123456789
test_user524-new,123456789
test_user525-new,123456789
test_user526-new,123456789
test_user527-new,123456789
test_user528-new,123456789
test_user529-new,123456789
test_user530-new,123456789
test_user531-new,123456789
test_user532-new,123456789
test_user533-new,123456789
test_user534-new,123456789
test_user535-new,123456789
test_user536-new,123456789
test_user537-new,123456789
test_user538-new,123456789
test_user539-new,123456789
test_user540-new,123456789
test_user541-new,123456789
test_user542-new,123456789
test_user543-new,123456789
test_user544-new,123456789
test_user545-new,123456789
test_user546-new,123456789
test_user547-new,123456789
test_user548-new,123456789
test_user549-new,123456789
test_user550-new,123456789
test_user551-new,123456789
test_user552-new,123456789
test_user553-new,123456789
test_user554-new,123456789
test_user555-new,123456789
test_user556-new,123456789
test_user557-new,123456789
test_user558-new,123456789
test_user559-new,123456789
test_user560-new,123456789
test_user561-new,123456789
test_user562-new,123456789
test_user563-new,123456789
test_user564-new,123456789
test_user565-new,123456789
test_user566-new,123456789
test_user567-new,123456789
test_user568-new,123456789
test_user569-new,123456789
test_user570-new,123456789
test_user571-new,123456789
test_user572-new,123456789
test_user573-new,123456789
test_user574-new,123456789
test_user575-new,123456789
test_user576-new,123456789
test_user577-new,123456789
test_user578-new,123456789
test_user579-new,123456789
test_user580-new,123456789
test_user581-new,123456789
test_user582-new,123456789
test_user583-new,123456789
test_user584-new,123456789
test_user585-new,123456789
test_user586-new,123456789
test_user587-new,123456789
test_user588-new,123456789
test_user589-new,123456789
test_user590-new,123456789
test_user591-new,123456789
test_user592-new,123456789
test_user593-new,123456789
test_user594-new,123456789
test_user595-new,123456789
test_user596-new,123456789
test_user597-new,123456789
test_user598-new,123456789
test_user599-new,123456789
test_user600-new,123456789
test_user601-new,123456789
test_user602-new,123456789
test_user603-new,123456789
test_user604-new,123456789
test_user605-new,123456789
test_user606-new,123456789
test_user607-new,123456789
test_user608-new,123456789
test_user609-new,123456789
test_user610-new,123456789
test_user611-new,123456789
test_user612-new,123456789
test_user613-new,123456789
test_user614-new,123456789
test_user615-new,123456789
test_user616-new,123456789
test_user617-new,123456789
test_user618-new,123456789
test_user619-new,123456789
test_user620-new,123456789
test_user621-new,123456789
test_user622-new,123456789
test_user623-new,123456789
test_user624-new,123456789
test_user625-new,123456789
test_user626-new,123456789
test_user627-new,123456789
test_user628-new,123456789
test_user629-new,123456789
test_user630-new,123456789
test_user631-new,123456789
test_user632-new,123456789
test_user633-new,123456789
test_user634-new,123456789
test_user635-new,123456789
test_user636-new,123456789
test_user637-new,123456789
test_user638-new,123456789
test_user639-new,123456789
test_user640-new,123456789
test_user641-new,123456789
test_user642-new,123456789
test_user643-new,123456789
test_user644-new,123456789
test_user645-new,123456789
test_user646-new,123456789
test_user647-new,123456789
test_user648-new,123456789
test_user649-new,123456789
test_user650-new,123456789
test_user651-new,123456789
test_user652-new,123456789
test_user653-new,123456789
test_user654-new,123456789
test_user655-new,123456789
test_user656-new,123456789
test_user657-new,123456789
test_user658-new,123456789
test_user659-new,123456789
test_user660-new,123456789
test_user661-new,123456789
test_user662-new,123456789
test_user663-new,123456789
test_user664-new,123456789
test_user665-new,123456789
test_user666-new,123456789
test_user667-new,123456789
test_user668-new,123456789
test_user669-new,123456789
test_user670-new,123456789
test_user671-new,123456789
test_user672-new,123456789
test_user673-new,123456789
test_user674-new,123456789
test_user675-new,123456789
test_user676-new,123456789
test_user677-new,123456789
test_user678-new,123456789
test_user679-new,123456789
test_user680-new,123456789
test_user681-new,123456789
test_user682-new,123456789
test_user683-new,123456789
test_user684-new,123456789
test_user685-new,123456789
test_user686-new,123456789
test_user687-new,123456789
test_user688-new,123456789
test_user689-new,123456789
test_user690-new,123456789
test_user691-new,123456789
test_user692-new,123456789
test_user693-new,123456789
test_user694-new,123456789
test_user695-new,123456789
test_user696-new,123456789
test_user697-new,123456789
test_user698-new,123456789
test_user699-new,123456789
test_user700-new,123456789
test_user701-new,123456789
test_user702-new,123456789
test_user703-new,123456789
test_user704-new,123456789
test_user705-new,123456789
test_user706-new,123456789
test_user707-new,123456789
test_user708-new,123456789
test_user709-new,123456789
test_user710-new,123456789
test_user711-new,123456789
test_user712-new,123456789
test_user713-new,123456789
test_user714-new,123456789
test_user715-new,123456789
test_user716-new,123456789
test_user717-new,123456789
test_user718-new,123456789
test_user719-new,123456789
test_user720-new,123456789
test_user721-new,123456789
test_user722-new,123456789
test_user723-new,123456789
test_user724-new,123456789
test_user725-new,123456789
test_user726-new,123456789
test_user727-new,123456789
test_user728-new,123456789
test_user729-new,123456789
test_user730-new,123456789
test_user731-new,123456789
test_user732-new,123456789
test_user733-new,123456789
test_user734-new,123456789
test_user735-new,123456789
test_user736-new,123456789
test_user737-new,123456789
test_user738-new,123456789
test_user739-new,123456789
test_user740-new,123456789
test_user741-new,123456789
test_user742-new,123456789
test_user743-new,123456789
test_user744-new,123456789
test_user745-new,123456789
test_user746-new,123456789
test_user747-new,123456789
test_user748-new,123456789
test_user749-new,123456789
test_user750-new,123456789
test_user751-new,123456789
test_user752-new,123456789
test_user753-new,123456789
test_user754-new,123456789
test_user755-new,123456789
test_user756-new,123456789
test_user757-new,123456789
test_user758-new,123456789
test_user759-new,123456789
test_user760-new,123456789
test_user761-new,123456789
test_user762-new,123456789
test_user763-new,123456789
test_user764-new,123456789
test_user765-new,123456789
test_user766-new,123456789
test_user767-new,123456789
test_user768-new,123456789
test_user769-new,123456789
test_user770-new,123456789
test_user771-new,123456789
test_user772-new,123456789
test_user773-new,123456789
test_user774-new,123456789
test_user775-new,123456789
test_user776-new,123456789
test_user777-new,123456789
test_user778-new,123456789
test_user779-new,123456789
test_user780-new,123456789
test_user781-new,123456789
test_user782-new,123456789
test_user783-new,123456789
test_user784-new,123456789
test_user785-new,123456789
test_user786-new,123456789
test_user787-new,123456789
test_user788-new,123456789
test_user789-new,123456789
test_user790-new,123456789
test_user791-new,123456789
test_user792-new,123456789
test_user793-new,123456789
test_user794-new,123456789
test_user795-new,123456789
test_user796-new,123456789
test_user797-new,123456789
test_user798-new,123456789
test_user799-new,123456789
test_user800-new,123456789
test_user801-new,123456789
test_user802-new,123456789
test_user803-new,123456789
test_user804-new,123456789
test_user805-new,123456789
test_user806-new,123456789
test_user807-new,123456789
test_user808-new,123456789
test_user809-new,123456789
test_user810-new,123456789
test_user811-new,123456789
test_user812-new,123456789
test_user813-new,123456789
test_user814-new,123456789
test_user815-new,123456789
test_user816-new,123456789
test_user817-new,123456789
test_user818-new,123456789
test_user819-new,123456789
test_user820-new,123456789
test_user821-new,123456789
test_user822-new,123456789
test_user823-new,123456789
test_user824-new,123456789
test_user825-new,123456789
test_user826-new,123456789
test_user827-new,123456789
test_user828-new,123456789
test_user829-new,123456789
test_user830-new,123456789
test_user831-new,123456789
test_user832-new,123456789
test_user833-new,123456789
test_user834-new,123456789
test_user835-new,123456789
test_user836-new,123456789
test_user837-new,123456789
test_user838-new,123456789
test_user839-new,123456789
test_user840-new,123456789
test_user841-new,123456789
test_user842-new,123456789
test_user843-new,123456789
test_user844-new,123456789
test_user845-new,123456789
test_user846-new,123456789
test_user847-new,123456789
test_user848-new,123456789
test_user849-new,123456789
test_user850-new,123456789
test_user851-new,123456789
test_user852-new,123456789
test_user853-new,123456789
test_user854-new,123456789
test_user855-new,123456789
test_user856-new,123456789
test_user857-new,123456789
test_user858-new,123456789
test_user859-new,123456789
test_user860-new,123456789
test_user861-new,123456789
test_user862-new,123456789
test_user863-new,123456789
test_user864-new,123456789
test_user865-new,123456789
test_user866-new,123456789
test_user867-new,123456789
test_user868-new,123456789
test_user869-new,123456789
test_user870-new,123456789
test_user871-new,123456789
test_user872-new,123456789
test_user873-new,123456789
test_user874-new,123456789
test_user875-new,123456789
test_user876-new,123456789
test_user877-new,123456789
test_user878-new,123456789
test_user879-new,123456789
test_user880-new,123456789
test_user881-new,123456789
test_user882-new,123456789
test_user883-new,123456789
test_user884-new,123456789
test_user885-new,123456789
test_user886-new,123456789
test_user887-new,123456789
test_user888-new,123456789
test_user889-new,123456789
test_user890-new,123456789
test_user891-new,123456789
test_user892-new,123456789
test_user893-new,123456789
test_user894-new,123456789
test_user895-new,123456789
test_user896-new,123456789
test_user897-new,123456789
test_user898-new,123456789
test_user899-new,123456789
test_user900-new,123456789
test_user901-new,123456789
test_user902-new,123456789
test_user903-new,123456789
test_user904-new,123456789
test_user905-new,123456789
test_user906-new,123456789
test_user907-new,123456789
test_user908-new,123456789
test_user909-new,123456789
test_user910-new,123456789
test_user911-new,123456789
test_user912-new,123456789
test_user913-new,123456789
test_user914-new,123456789
test_user915-new,123456789
test_user916-new,123456789
test_user917-new,123456789
test_user918-new,123456789
test_user919-new,123456789
test_user920-new,123456789
test_user921-new,123456789
test_user922-new,123456789
test_user923-new,123456789
test_user924-new,123456789
test_user925-new,123456789
test_user926-new,123456789
test_user927-new,123456789
test_user928-new,123456789
test_user929-new,123456789
test_user930-new,123456789
test_user931-new,123456789
test_user932-new,123456789
test_user933-new,123456789
test_user934-new,123456789
test_user935-new,123456789
test_user936-new,123456789
test_user937-new,123456789
test_user938-new,123456789
test_user939-new,123456789
test_user940-new,123456789
test_user941-new,123456789
test_user942-new,123456789
test_user943-new,123456789
test_user944-new,123456789
test_user945-new,123456789
test_user946-new,123456789
test_user947-new,123456789
test_user948-new,123456789
test_user949-new,123456789
test_user950-new,123456789
test_user951-new,123456789
test_user952-new,123456789
test_user953-new,123456789
test_user954-new,123456789
test_user955-new,123456789
test_user956-new,123456789
test_user957-new,123456789
test_user958-new,123456789
test_user959-new,123456789
test_user960-new,123456789
test_user961-new,123456789
test_user962-new,123456789
test_user963-new,123456789
test_user964-new,123456789
test_user965-new,123456789
test_user966-new,123456789
test_user967-new,123456789
test_user968-new,123456789
test_user969-new,123456789
test_user970-new,123456789
test_user971-new,123456789
test_user972-new,123456789
test_user973-new,123456789
test_user974-new,123456789
test_user975-new,123456789
test_user976-new,123456789
test_user977-new,123456789
test_user978-new,123456789
test_user979-new,123456789
test_user980-new,123456789
test_user981-new,123456789
test_user982-new,123456789
test_user983-new,123456789
test_user984-new,123456789
test_user985-new,123456789
test_user986-new,123456789
test_user987-new,123456789
test_user988-new,123456789
test_user989-new,123456789
test_user990-new,123456789
test_user991-new,123456789
test_user992-new,123456789
test_user993-new,123456789
test_user994-new,123456789
test_user995-new,123456789
test_user996-new,123456789
test_user997-new,123456789
test_user998-new,123456789
test_user999-new,123456789
test_user1000-new,123456789
